Ancienneté_an_floor,Distance domicile/Travail,Service,Work_accident,Niveau de satisfaction,Tranche d'ancienneté,Contrat,Durée hebdo,Salaire base mensuel,%variable_moyen,Augmentation,Promotion,Salaire_total,Tranche_salaire,Sexe,Date_naissance,Etat Civil,Enfants,Age,Tranche_age_par10,Tranche_age_par5
22,69,Consultant,Non,60,5 : 20-24,CDI,35,9873.5,13,0,0,11157,10000€ et plus,F,1976-02-18,Marié,3,46,40-49,45-49
10,32,Consultant,Non,39,3 : 10-14,CDI,35,4296.7167,39,0,1,5972,5000€  - 8000€,H,1955-07-01,Célibataire,0,67,50 ans +,65-69
13,68,RH,Oui,62,3 : 10-14,CDI,35,3705.2167,29,1,1,4780,3000€  - 5000€,F,1970-01-19,,1,52,50 ans +,50-54
21,59,Consultant,Non,98,5 : 20-24,CDI,35,1697.15,17,1,0,1986,moins de 2000€,H,1963-10-25,Marié,3,59,50 ans +,55-59
3,15,R&D,Oui,81,1 : 1-4,CDD,35,2848.3,15,1,0,3276,3000€  - 5000€,H,1983-03-04,,0,39,30-39,35-39
10,6,Commercial,Non,47,3 : 10-14,CDI,35,5464.55,34,0,0,7322,5000€  - 8000€,H,1968-11-07,,0,54,50 ans +,50-54
17,56,Marketing,Oui,34,4 : 15-19,CDI,35,9999.3833,27,0,1,12699,10000€ et plus,H,1976-06-26,Célibataire,0,46,40-49,45-49
8,43,RH,Oui,48,2 : 5-9,CDI,24,3116.88,37,0,1,4270,3000€  - 5000€,F,1955-08-01,,3,67,50 ans +,65-69
7,60,Marketing,Non,25,2 : 5-9,CDI,24,5462.08,39,0,1,7592,5000€  - 8000€,H,1985-08-09,Célibataire,2,37,30-39,35-39
18,69,Compta Finances,Oui,89,4 : 15-19,CDI,35,2769.4333,33,0,0,3683,3000€  - 5000€,H,1979-03-09,,2,43,40-49,40-44
5,70,RH,Oui,7,2 : 5-9,CDI,35,5522.1833,9,1,1,6019,5000€  - 8000€,F,1955-04-07,,2,67,50 ans +,65-69
20,53,Consultant,Non,24,5 : 20-24,CDI,35,7308.8167,12,0,1,8186,8000€  - 10000€,F,1979-01-19,,3,43,40-49,40-44
22,64,Commercial,Non,15,5 : 20-24,CDI,24,5895.76,23,1,1,7252,5000€  - 8000€,F,1965-02-04,,3,57,50 ans +,55-59
20,8,R&D,Non,31,5 : 20-24,CDI,35,7081.3167,26,0,1,8922,8000€  - 10000€,H,1963-04-19,Marié,0,59,50 ans +,55-59
13,27,Commercial,Oui,56,3 : 10-14,CDI,35,6195.5833,23,0,1,7621,5000€  - 8000€,H,1970-03-23,Célibataire,1,52,50 ans +,50-54
23,9,Marketing,Non,81,5 : 20-24,CDI,35,5517.6333,23,1,1,6787,5000€  - 8000€,H,1971-08-12,Marié,1,51,50 ans +,50-54
15,31,R&D,Non,35,4 : 15-19,CDI,35,8458.45,1,0,0,8543,8000€  - 10000€,H,1979-09-12,Célibataire,2,43,40-49,40-44
3,15,Consultant,Oui,60,1 : 1-4,CDI,35,2132.4333,18,1,1,2516,2000€  - 3000€,F,1970-08-15,Célibataire,3,52,50 ans +,50-54
25,58,Consultant,Non,19,6 : 25-29,CDI,35,3097.0333,13,0,0,3500,3000€  - 5000€,F,1955-07-07,Célibataire,1,67,50 ans +,65-69
16,28,Compta Finances,Oui,32,4 : 15-19,CDI,35,8218.8167,14,0,1,9369,8000€  - 10000€,F,1955-03-03,Célibataire,2,67,50 ans +,65-69
8,17,Consultant,Oui,51,2 : 5-9,CDI,35,5388.7167,30,1,0,7005,5000€  - 8000€,F,1971-12-09,Célibataire,1,51,50 ans +,50-54
12,28,Consultant,Oui,45,3 : 10-14,CDI,35,1873.0833,27,0,0,2379,2000€  - 3000€,H,1969-02-18,,1,53,50 ans +,50-54
15,46,Commercial,Oui,60,4 : 15-19,CDI,35,4152.6333,7,1,1,4443,3000€  - 5000€,F,1968-08-18,Marié,0,54,50 ans +,50-54
5,44,R&D,Oui,8,2 : 5-9,CDI,35,9096.9667,21,0,1,11007,10000€ et plus,H,1958-07-19,Célibataire,3,64,50 ans +,60-64
15,65,Marketing,Oui,64,4 : 15-19,CDI,35,7264.8333,31,0,1,9517,8000€  - 10000€,H,1960-01-26,Célibataire,2,62,50 ans +,60-64
5,60,Compta Finances,Oui,12,2 : 5-9,CDI,35,2052.05,13,1,1,2319,2000€  - 3000€,F,1987-04-23,Célibataire,0,35,30-39,35-39
1,43,Consultant,Oui,6,1 : 1-4,CDD,32,2496,21,Non communiqué,Non communiqué,3020,3000€  - 5000€,F,1967-10-08,Célibataire,0,55,50 ans +,55-59
9,44,RH,Oui,88,2 : 5-9,CDI,35,2767.9167,6,1,0,2934,2000€  - 3000€,H,1955-07-16,,3,67,50 ans +,65-69
3,13,RH,Non,65,1 : 1-4,CDI,35,3486.8167,19,0,1,4149,3000€  - 5000€,H,1986-05-08,Célibataire,2,36,30-39,35-39
10,11,Consultant,Oui,87,3 : 10-14,CDI,24,1709.76,10,1,1,1881,moins de 2000€,H,1966-10-12,Marié,0,56,50 ans +,55-59
6,18,Commercial,Oui,67,2 : 5-9,CDI,35,3165.2833,0,0,1,3165,3000€  - 5000€,F,1958-10-22,Marié,2,64,50 ans +,60-64
22,38,Marketing,Oui,70,5 : 20-24,CDI,35,6002.9667,2,1,1,6123,5000€  - 8000€,H,1969-10-23,Marié,1,53,50 ans +,50-54
8,13,Marketing,Oui,22,2 : 5-9,CDI,35,2998.45,21,1,1,3628,3000€  - 5000€,H,1987-07-01,Célibataire,3,35,30-39,35-39
24,60,RH,Oui,92,5 : 20-24,CDI,35,3508.05,11,0,1,3894,3000€  - 5000€,H,1968-06-26,Célibataire,2,54,50 ans +,50-54
24,8,Consultant,Non,36,5 : 20-24,CDI,35,3232.0167,35,0,0,4363,3000€  - 5000€,H,1975-10-18,Marié,1,47,40-49,45-49
23,38,Consultant,Oui,15,5 : 20-24,CDI,28,1851.5467,19,0,1,2203,2000€  - 3000€,H,1972-03-31,Célibataire,0,50,50 ans +,50-54
15,45,RH,Non,80,4 : 15-19,CDI,35,5359.9,4,1,0,5574,5000€  - 8000€,H,1956-06-19,,1,66,50 ans +,65-69
18,64,Commercial,Non,11,4 : 15-19,CDI,35,9069.6667,1,0,0,9160,8000€  - 10000€,H,1974-01-31,Marié,2,48,40-49,45-49
6,67,Compta Finances,Oui,70,2 : 5-9,CDI,35,7377.0667,17,1,1,8631,8000€  - 10000€,F,1957-08-10,,1,65,50 ans +,65-69
3,26,RH,Oui,6,1 : 1-4,CDI,35,7157.15,3,0,0,7372,5000€  - 8000€,F,1978-10-18,Célibataire,0,44,40-49,40-44
15,24,Commercial,Non,80,4 : 15-19,CDI,35,8714.7667,37,1,0,11939,10000€ et plus,H,1961-01-05,Marié,0,61,50 ans +,60-64
9,45,Consultant,Non,95,2 : 5-9,CDI,35,2070.25,24,0,0,2567,2000€  - 3000€,F,1991-01-30,,2,31,30-39,30-34
15,29,Compta Finances,Non,70,4 : 15-19,CDI,35,8073.2167,38,1,1,11141,10000€ et plus,H,1968-01-11,,3,54,50 ans +,50-54
17,43,Consultant,Non,69,4 : 15-19,CDI,35,1651.65,18,0,0,1949,moins de 2000€,H,1976-07-20,,0,46,40-49,45-49
17,42,Consultant,Oui,90,4 : 15-19,CDI,35,4516.6333,34,1,0,6052,5000€  - 8000€,F,1972-12-02,,1,50,50 ans +,50-54
17,11,Compta Finances,Oui,56,4 : 15-19,CDI,35,3383.6833,23,0,0,4162,3000€  - 5000€,H,1968-12-16,Célibataire,2,54,50 ans +,50-54
1,42,Consultant,Non,18,1 : 1-4,CDD,35,3168.3167,10,Non communiqué,Non communiqué,3485,3000€  - 5000€,F,1971-08-30,Marié,3,51,50 ans +,50-54
5,59,RH,Oui,46,2 : 5-9,CDI,35,4499.95,22,1,0,5490,5000€  - 8000€,H,1965-07-14,Marié,1,57,50 ans +,55-59
1,67,Marketing,Non,19,1 : 1-4,CDD,35,1989.8667,5,Non communiqué,Non communiqué,2089,2000€  - 3000€,H,1980-11-25,,0,42,40-49,40-44
2,55,Marketing,Non,67,1 : 1-4,CDI,35,1863.9833,12,1,1,2088,2000€  - 3000€,F,1983-05-28,Célibataire,3,39,30-39,35-39
9,46,R&D,Oui,74,2 : 5-9,CDI,35,9366.9333,8,1,1,10116,10000€ et plus,F,1971-02-26,,1,51,50 ans +,50-54
23,37,Marketing,Non,1,5 : 20-24,CDI,24,6842.16,21,1,1,8279,8000€  - 10000€,H,1959-11-30,Célibataire,1,63,50 ans +,60-64
1,60,Commercial,Oui,58,1 : 1-4,CDD,35,3185,3,Non communiqué,Non communiqué,3281,3000€  - 5000€,F,1971-12-31,Marié,3,51,50 ans +,50-54
22,48,Marketing,Non,81,5 : 20-24,CDI,35,3582.3667,30,1,1,4657,3000€  - 5000€,H,1970-04-22,Marié,2,52,50 ans +,50-54
8,25,Compta Finances,Non,17,2 : 5-9,CDI,35,1833.65,8,0,1,1980,moins de 2000€,H,1962-02-08,Marié,3,60,50 ans +,60-64
4,40,R&D,Oui,4,1 : 1-4,CDI,35,6356.35,26,1,0,8009,8000€  - 10000€,F,1982-02-02,Marié,1,40,40-49,40-44
0,17,Consultant,Oui,24,0 : moins d'1 an,CDD,35,3033.3333,8,Non communiqué,Non communiqué,3276,3000€  - 5000€,F,1956-03-17,Marié,2,66,50 ans +,65-69
3,30,Consultant,Non,77,1 : 1-4,CDI,35,7672.8167,37,1,1,10512,10000€ et plus,F,1975-12-05,Marié,3,47,40-49,45-49
6,17,Consultant,Oui,30,2 : 5-9,CDI,24,1110.72,14,1,1,1266,moins de 2000€,H,1966-12-09,,0,56,50 ans +,55-59
7,9,Consultant,Oui,51,2 : 5-9,CDI,24,5448.56,30,0,1,7083,5000€  - 8000€,H,1963-11-12,,3,59,50 ans +,55-59
19,3,Compta Finances,Non,15,4 : 15-19,CDI,35,1835.1667,6,0,1,1945,moins de 2000€,H,1979-10-06,,1,43,40-49,40-44
10,31,Compta Finances,Non,32,3 : 10-14,CDI,35,8056.5333,13,0,1,9104,8000€  - 10000€,F,1958-01-26,,1,64,50 ans +,60-64
7,62,Consultant,Oui,72,2 : 5-9,CDI,35,9737,12,1,1,10905,10000€ et plus,H,1965-01-22,Marié,1,57,50 ans +,55-59
23,47,Commercial,Oui,86,5 : 20-24,CDI,35,5581.3333,20,1,0,6698,5000€  - 8000€,F,1977-11-13,,1,45,40-49,45-49
16,66,RH,Non,46,4 : 15-19,CDI,35,5056.5667,24,1,1,6270,5000€  - 8000€,F,1984-03-19,,2,38,30-39,35-39
10,30,RH,Oui,1,3 : 10-14,CDI,35,9039.3333,20,1,1,10847,10000€ et plus,H,1987-06-30,Marié,0,35,30-39,35-39
1,15,Commercial,Oui,76,1 : 1-4,CDD,35,2881.6667,27,Non communiqué,Non communiqué,3660,3000€  - 5000€,F,1964-01-26,Célibataire,1,58,50 ans +,55-59
9,30,RH,Non,29,2 : 5-9,CDI,35,6175.8667,38,0,1,8523,8000€  - 10000€,H,1987-05-23,Célibataire,0,35,30-39,35-39
0,14,Marketing,Oui,70,0 : moins d'1 an,CDD,35,2426.6667,21,Non communiqué,Non communiqué,2936,2000€  - 3000€,F,1967-01-03,Marié,1,55,50 ans +,55-59
23,3,Compta Finances,Oui,65,5 : 20-24,CDI,35,7898.8,35,0,1,10663,10000€ et plus,F,1956-02-26,Marié,1,66,50 ans +,65-69
21,61,Consultant,Oui,1,5 : 20-24,CDI,35,9447.3167,0,1,1,9447,8000€  - 10000€,H,1970-11-03,Célibataire,2,52,50 ans +,50-54
21,14,Commercial,Oui,62,5 : 20-24,CDI,35,2396.3333,11,0,1,2660,2000€  - 3000€,H,1968-08-03,Marié,2,54,50 ans +,50-54
8,50,R&D,Non,93,2 : 5-9,CDI,35,8716.2833,20,0,0,10460,10000€ et plus,H,1984-02-13,Marié,1,38,30-39,35-39
16,21,Consultant,Oui,3,4 : 15-19,CDI,35,2731.5167,4,1,1,2841,2000€  - 3000€,F,1968-08-10,Marié,2,54,50 ans +,50-54
10,27,Commercial,Oui,78,3 : 10-14,CDI,35,7942.7833,38,1,0,10961,10000€ et plus,F,1971-04-10,Célibataire,3,51,50 ans +,50-54
6,68,Consultant,Oui,89,2 : 5-9,CDI,35,7178.3833,38,1,0,9906,8000€  - 10000€,H,1983-10-17,Célibataire,2,39,30-39,35-39
15,48,Consultant,Non,50,4 : 15-19,CDI,35,5585.8833,17,1,0,6535,5000€  - 8000€,F,1983-08-14,Marié,1,39,30-39,35-39
20,55,RH,Non,78,5 : 20-24,CDI,35,8277.9667,10,0,0,9106,8000€  - 10000€,H,1979-04-28,Marié,0,43,40-49,40-44
12,20,Commercial,Oui,52,3 : 10-14,CDI,35,2369.0333,20,0,0,2843,2000€  - 3000€,F,1981-07-27,,1,41,40-49,40-44
20,13,Marketing,Oui,99,5 : 20-24,CDI,35,3462.55,3,1,0,3566,3000€  - 5000€,H,1976-08-04,,0,46,40-49,45-49
9,21,Commercial,Oui,79,2 : 5-9,CDI,35,2511.6,21,0,1,3039,3000€  - 5000€,H,1979-01-06,Marié,2,43,40-49,40-44
20,12,Consultant,Non,25,5 : 20-24,CDI,35,9400.3,3,1,1,9682,8000€  - 10000€,H,1961-10-23,Marié,1,61,50 ans +,60-64
1,9,Marketing,Oui,96,1 : 1-4,CDD,35,3640,6,Non communiqué,Non communiqué,3858,3000€  - 5000€,F,1971-03-25,,1,51,50 ans +,50-54
5,43,Consultant,Non,47,2 : 5-9,CDI,35,1774.5,16,1,1,2058,2000€  - 3000€,F,1968-03-31,,2,54,50 ans +,50-54
16,60,Marketing,Oui,38,4 : 15-19,CDI,35,3597.5333,32,1,1,4749,3000€  - 5000€,F,1977-06-19,,2,45,40-49,45-49
8,65,Marketing,Oui,1,2 : 5-9,CDI,24,5951.92,32,1,0,7857,5000€  - 8000€,F,1966-11-27,,0,56,50 ans +,55-59
0,8,Compta Finances,Oui,45,0 : moins d'1 an,CDD,35,3201.6833,38,Non communiqué,Non communiqué,4418,3000€  - 5000€,F,1990-05-20,Célibataire,1,32,30-39,30-34
7,6,RH,Non,90,2 : 5-9,CDI,35,3335.15,28,1,0,4269,3000€  - 5000€,H,1962-09-30,Marié,3,60,50 ans +,60-64
12,66,Consultant,Oui,46,3 : 10-14,CDI,35,4712.2833,26,1,1,5937,5000€  - 8000€,F,1976-11-16,Célibataire,0,46,40-49,45-49
24,62,Commercial,Non,17,5 : 20-24,CDI,35,5984.7667,6,0,1,6344,5000€  - 8000€,H,1970-09-22,Célibataire,3,52,50 ans +,50-54
5,30,Commercial,Oui,97,2 : 5-9,CDI,35,2928.6833,33,1,1,3895,3000€  - 5000€,F,1962-07-12,Marié,1,60,50 ans +,60-64
9,28,Consultant,Oui,39,2 : 5-9,CDI,35,6301.75,34,0,1,8444,8000€  - 10000€,F,1958-11-15,,1,64,50 ans +,60-64
19,23,RH,Non,23,4 : 15-19,CDI,35,3218.3667,27,1,0,4087,3000€  - 5000€,F,1966-11-02,Marié,3,56,50 ans +,55-59
4,67,Consultant,Oui,81,1 : 1-4,CDI,35,1803.3167,8,1,0,1948,moins de 2000€,H,1984-10-29,Célibataire,3,38,30-39,35-39
12,16,RH,Oui,84,3 : 10-14,CDI,35,7263.3167,30,1,0,9442,8000€  - 10000€,H,1962-11-22,Marié,3,60,50 ans +,60-64
4,65,Marketing,Oui,40,1 : 1-4,CDI,35,2912,35,0,1,3931,3000€  - 5000€,F,1960-08-22,Célibataire,2,62,50 ans +,60-64
7,38,Consultant,Non,80,2 : 5-9,CDI,35,6409.4333,21,0,1,7755,5000€  - 8000€,H,1963-05-31,,2,59,50 ans +,55-59
16,23,Compta Finances,Non,44,4 : 15-19,CDI,35,1772.9833,20,1,1,2128,2000€  - 3000€,H,1965-11-19,,3,57,50 ans +,55-59
17,45,Commercial,Non,21,4 : 15-19,CDI,35,6902.35,17,0,1,8076,8000€  - 10000€,F,1981-10-22,Marié,3,41,40-49,40-44
5,7,Consultant,Oui,33,2 : 5-9,CDI,24,4795.44,19,0,1,5707,5000€  - 8000€,H,1986-01-27,,0,36,30-39,35-39
20,9,RH,Non,39,5 : 20-24,CDI,35,3803.8,30,0,0,4945,3000€  - 5000€,H,1974-03-13,,1,48,40-49,45-49
11,43,Consultant,Non,1,3 : 10-14,CDI,35,3547.4833,39,1,0,4931,3000€  - 5000€,F,1979-11-16,Célibataire,2,43,40-49,40-44
10,42,Commercial,Non,98,3 : 10-14,CDI,35,2916.55,35,1,1,3937,3000€  - 5000€,F,1978-04-11,Célibataire,2,44,40-49,40-44
11,16,Compta Finances,Non,68,3 : 10-14,CDI,24,1059.76,1,0,1,1070,moins de 2000€,F,1982-02-10,Marié,1,40,40-49,40-44
10,21,Commercial,Oui,42,3 : 10-14,CDI,35,7927.6167,32,1,0,10464,10000€ et plus,H,1971-05-03,Célibataire,2,51,50 ans +,50-54
5,34,Compta Finances,Non,42,2 : 5-9,CDI,35,8332.5667,12,0,0,9332,8000€  - 10000€,F,1978-06-26,,3,44,40-49,40-44
22,37,Marketing,Non,74,5 : 20-24,CDI,35,4082.8667,28,0,1,5226,5000€  - 8000€,F,1973-11-16,Marié,1,49,40-49,45-49
17,48,Commercial,Oui,40,4 : 15-19,CDI,35,9785.5333,28,0,1,12525,10000€ et plus,H,1981-07-16,Célibataire,1,41,40-49,40-44
14,8,Compta Finances,Non,28,3 : 10-14,CDI,35,4421.0833,6,1,1,4686,3000€  - 5000€,H,1965-02-12,Célibataire,3,57,50 ans +,55-59
12,11,Consultant,Non,69,3 : 10-14,CDI,35,2843.75,2,0,0,2901,2000€  - 3000€,H,1969-09-09,Marié,1,53,50 ans +,50-54
21,55,RH,Oui,87,5 : 20-24,CDI,35,8563.1,7,0,0,9163,8000€  - 10000€,H,1974-02-10,Marié,2,48,40-49,45-49
22,37,Compta Finances,Non,52,5 : 20-24,CDI,35,4988.3167,8,0,0,5387,5000€  - 8000€,H,1967-02-27,,0,55,50 ans +,55-59
9,65,Consultant,Oui,5,2 : 5-9,CDI,28,7269.08,7,1,1,7778,5000€  - 8000€,H,1967-06-19,Marié,2,55,50 ans +,55-59
12,41,Marketing,Non,32,3 : 10-14,CDI,35,1669.85,22,1,0,2037,2000€  - 3000€,H,1989-04-05,Marié,0,33,30-39,30-34
23,29,Commercial,Oui,39,5 : 20-24,CDI,35,7098,1,1,1,7169,5000€  - 8000€,H,1968-02-26,Célibataire,1,54,50 ans +,50-54
22,67,R&D,Oui,4,5 : 20-24,CDI,35,6526.2167,36,0,1,8876,8000€  - 10000€,H,1957-12-14,,1,65,50 ans +,65-69
11,54,Compta Finances,Oui,96,3 : 10-14,CDI,35,8422.05,38,0,1,11622,10000€ et plus,F,1963-09-23,,0,59,50 ans +,55-59
6,29,Commercial,Oui,14,2 : 5-9,CDI,35,8337.1167,16,0,1,9671,8000€  - 10000€,H,1982-07-07,,0,40,40-49,40-44
10,56,Commercial,Non,13,3 : 10-14,CDI,35,9777.95,4,1,0,10169,10000€ et plus,F,1975-09-21,Marié,0,47,40-49,45-49
22,47,Commercial,Non,95,5 : 20-24,CDI,35,3677.9167,33,0,0,4892,3000€  - 5000€,H,1979-02-23,Marié,1,43,40-49,40-44
22,4,Marketing,Non,45,5 : 20-24,CDI,35,9940.2333,24,0,0,12326,10000€ et plus,H,1976-05-15,Marié,0,46,40-49,45-49
23,14,Consultant,Oui,66,5 : 20-24,CDI,35,2777.0167,10,1,0,3055,3000€  - 5000€,H,1959-10-15,,1,63,50 ans +,60-64
24,35,Commercial,Non,47,5 : 20-24,CDI,35,6818.9333,14,1,0,7774,5000€  - 8000€,F,1970-11-03,Marié,2,52,50 ans +,50-54
24,58,Marketing,Non,29,5 : 20-24,CDI,35,4424.1167,30,0,0,5751,5000€  - 8000€,F,1969-05-14,Célibataire,3,53,50 ans +,50-54
10,16,RH,Oui,58,3 : 10-14,CDI,35,9928.1,27,1,0,12609,10000€ et plus,H,1985-03-27,,3,37,30-39,35-39
1,6,Compta Finances,Non,84,1 : 1-4,CDD,35,2123.3333,39,Non communiqué,Non communiqué,2951,2000€  - 3000€,F,1959-12-26,,1,63,50 ans +,60-64
15,69,Compta Finances,Non,48,4 : 15-19,CDI,35,4263.35,31,0,0,5585,5000€  - 8000€,H,1963-03-30,Célibataire,0,59,50 ans +,55-59
19,38,Commercial,Non,44,4 : 15-19,CDI,35,8629.8333,3,0,0,8889,8000€  - 10000€,F,1969-08-18,Célibataire,0,53,50 ans +,50-54
24,39,R&D,Oui,32,5 : 20-24,CDI,35,4663.75,5,0,1,4897,3000€  - 5000€,F,1960-12-18,Célibataire,2,62,50 ans +,60-64
20,64,RH,Oui,11,5 : 20-24,CDI,24,4851.6,14,0,0,5531,5000€  - 8000€,F,1980-06-05,Marié,0,42,40-49,40-44
5,23,Marketing,Non,37,2 : 5-9,CDI,35,5930.1667,33,0,0,7887,5000€  - 8000€,H,1973-09-24,Marié,3,49,40-49,45-49
21,55,Commercial,Non,77,5 : 20-24,CDI,35,7496.8833,6,1,0,7947,5000€  - 8000€,F,1975-04-13,Marié,0,47,40-49,45-49
11,68,RH,Oui,69,3 : 10-14,CDI,35,8108.1,38,0,0,11189,10000€ et plus,F,1983-10-08,,1,39,30-39,35-39
20,45,Commercial,Oui,7,5 : 20-24,CDI,35,6121.2667,32,0,0,8080,8000€  - 10000€,H,1978-11-01,,0,44,40-49,40-44
16,55,Marketing,Oui,51,4 : 15-19,CDI,35,4563.65,38,1,0,6298,5000€  - 8000€,F,1968-05-04,Célibataire,1,54,50 ans +,50-54
13,26,Compta Finances,Oui,78,3 : 10-14,CDI,35,9978.15,34,0,1,13371,10000€ et plus,H,1970-07-25,Célibataire,0,52,50 ans +,50-54
10,35,Marketing,Non,92,3 : 10-14,CDI,35,4624.3167,15,0,0,5318,5000€  - 8000€,H,1977-10-12,Marié,1,45,40-49,45-49
13,34,Compta Finances,Oui,40,3 : 10-14,CDI,35,2079.35,7,1,1,2225,2000€  - 3000€,F,1968-08-05,Marié,0,54,50 ans +,50-54
13,44,Consultant,Non,37,3 : 10-14,CDI,24,2055.04,12,0,1,2302,2000€  - 3000€,H,1956-09-14,,2,66,50 ans +,65-69
18,26,Commercial,Oui,48,4 : 15-19,CDI,35,9573.2,7,0,0,10243,10000€ et plus,H,1969-12-31,,1,53,50 ans +,50-54
12,33,Consultant,Oui,82,3 : 10-14,CDI,35,4289.1333,12,0,1,4804,3000€  - 5000€,F,1955-02-10,Marié,0,67,50 ans +,65-69
21,31,Marketing,Oui,75,5 : 20-24,CDI,35,8056.5333,14,0,0,9184,8000€  - 10000€,F,1968-05-14,,1,54,50 ans +,50-54
0,42,Marketing,Non,25,0 : moins d'1 an,CDD,35,3693.0833,24,Non communiqué,Non communiqué,4579,3000€  - 5000€,H,1977-07-06,Marié,2,45,40-49,45-49
9,22,RH,Non,77,2 : 5-9,CDI,35,5106.6167,10,0,1,5617,5000€  - 8000€,F,1968-03-07,Célibataire,3,54,50 ans +,50-54
1,12,Consultant,Non,100,1 : 1-4,CDD,32,2357.3333,12,Non communiqué,Non communiqué,2640,2000€  - 3000€,H,1966-11-28,Célibataire,1,56,50 ans +,55-59
17,28,Commercial,Oui,42,4 : 15-19,CDI,35,3260.8333,30,1,0,4239,3000€  - 5000€,F,1981-02-25,Marié,1,41,40-49,40-44
2,3,Consultant,Non,2,1 : 1-4,CDI,35,4449.9,33,1,1,5918,5000€  - 8000€,H,1966-01-22,Marié,3,56,50 ans +,55-59
22,28,RH,Non,63,5 : 20-24,CDI,35,7877.5667,36,1,0,10713,10000€ et plus,F,1971-04-19,,3,51,50 ans +,50-54
8,63,Consultant,Non,50,2 : 5-9,CDI,35,4281.55,13,1,0,4838,3000€  - 5000€,H,1980-06-13,Marié,3,42,40-49,40-44
22,62,Consultant,Non,34,5 : 20-24,CDI,35,4134.4333,22,0,0,5044,5000€  - 8000€,H,1977-06-23,Célibataire,0,45,40-49,45-49
8,13,Marketing,Non,25,2 : 5-9,CDI,35,3256.2833,34,0,0,4363,3000€  - 5000€,F,1963-03-08,Marié,3,59,50 ans +,55-59
20,65,Consultant,Oui,63,5 : 20-24,CDI,35,6591.4333,19,0,0,7844,5000€  - 8000€,F,1957-07-05,Célibataire,1,65,50 ans +,65-69
8,60,Compta Finances,Oui,26,2 : 5-9,CDI,35,8696.5667,37,0,1,11914,10000€ et plus,H,1957-02-19,,3,65,50 ans +,65-69
21,5,Consultant,Non,59,5 : 20-24,CDI,35,2073.2833,28,0,1,2654,2000€  - 3000€,F,1974-03-20,Célibataire,2,48,40-49,45-49
9,35,Consultant,Non,62,2 : 5-9,CDI,28,5097.2133,10,1,0,5607,5000€  - 8000€,H,1974-02-08,Marié,0,48,40-49,45-49
7,70,RH,Oui,86,2 : 5-9,CDI,35,7710.7333,27,0,1,9793,8000€  - 10000€,H,1981-02-15,Marié,2,41,40-49,40-44
11,46,RH,Non,49,3 : 10-14,CDI,35,3882.6667,1,0,1,3921,3000€  - 5000€,H,1985-03-18,Marié,1,37,30-39,35-39
14,13,RH,Oui,99,3 : 10-14,CDI,35,3835.65,26,0,1,4833,3000€  - 5000€,F,1962-02-15,Célibataire,3,60,50 ans +,60-64
7,5,Compta Finances,Non,84,2 : 5-9,CDI,35,9256.2167,1,1,0,9349,8000€  - 10000€,F,1960-02-03,Marié,1,62,50 ans +,60-64
19,7,Consultant,Oui,8,4 : 15-19,CDI,35,5455.45,7,0,1,5837,5000€  - 8000€,H,1965-01-09,Célibataire,3,57,50 ans +,55-59
20,57,Commercial,Oui,44,5 : 20-24,CDI,35,8428.1167,18,1,0,9945,8000€  - 10000€,H,1965-04-04,Célibataire,2,57,50 ans +,55-59
5,61,Consultant,Oui,94,2 : 5-9,CDI,35,5810.35,36,1,0,7902,5000€  - 8000€,H,1978-03-24,,1,44,40-49,40-44
15,36,Marketing,Non,37,4 : 15-19,CDI,35,4022.2,14,0,1,4585,3000€  - 5000€,H,1960-03-14,Marié,1,62,50 ans +,60-64
24,55,RH,Oui,95,5 : 20-24,CDI,35,5035.3333,24,0,1,6244,5000€  - 8000€,H,1960-11-25,Marié,3,62,50 ans +,60-64
23,52,RH,Oui,29,5 : 20-24,CDI,35,3797.7333,24,0,0,4709,3000€  - 5000€,F,1965-10-25,,1,57,50 ans +,55-59
21,49,RH,Non,47,5 : 20-24,CDI,24,2735.2,27,0,1,3474,3000€  - 5000€,H,1960-08-09,Célibataire,0,62,50 ans +,60-64
10,44,Marketing,Oui,73,3 : 10-14,CDI,35,4763.85,7,1,0,5097,5000€  - 8000€,F,1977-12-14,Marié,2,45,40-49,45-49
23,60,R&D,Oui,54,5 : 20-24,CDI,35,7654.6167,5,1,1,8037,8000€  - 10000€,H,1974-11-04,Marié,3,48,40-49,45-49
10,18,Commercial,Non,84,3 : 10-14,CDI,35,8828.5167,17,0,1,10329,10000€ et plus,F,1984-02-28,Célibataire,3,38,30-39,35-39
3,61,Compta Finances,Non,44,1 : 1-4,CDI,35,2008.0667,35,0,0,2711,2000€  - 3000€,F,1989-05-06,,1,33,30-39,30-34
4,33,Compta Finances,Non,14,1 : 1-4,CDI,35,4198.1333,34,1,1,5625,5000€  - 8000€,F,1984-08-10,,2,38,30-39,35-39
24,53,Commercial,Non,61,5 : 20-24,CDI,35,3800.7667,9,1,1,4143,3000€  - 5000€,F,1959-04-02,Marié,3,63,50 ans +,60-64
5,46,Compta Finances,Non,31,2 : 5-9,CDI,35,1979.25,6,1,1,2098,2000€  - 3000€,H,1976-09-11,Célibataire,2,46,40-49,45-49
24,9,Commercial,Oui,86,5 : 20-24,CDI,35,2828.5833,21,0,0,3423,3000€  - 5000€,H,1966-03-22,Célibataire,3,56,50 ans +,55-59
23,48,R&D,Oui,57,5 : 20-24,CDI,24,6178.64,17,0,0,7229,5000€  - 8000€,H,1967-12-06,,2,55,50 ans +,55-59
22,59,Compta Finances,Oui,6,5 : 20-24,CDI,32,6743.36,4,0,0,7013,5000€  - 8000€,F,1974-09-22,Marié,3,48,40-49,45-49
9,45,Commercial,Oui,1,2 : 5-9,CDI,24,4882.8,17,1,1,5713,5000€  - 8000€,F,1965-01-04,Marié,0,57,50 ans +,55-59
21,22,Commercial,Non,15,5 : 20-24,CDI,35,5805.8,37,0,0,7954,5000€  - 8000€,H,1979-04-28,Marié,3,43,40-49,40-44
13,50,Commercial,Oui,15,3 : 10-14,CDI,35,9555,20,1,0,11466,10000€ et plus,F,1982-06-04,,1,40,40-49,40-44
3,53,Commercial,Non,58,1 : 1-4,CDI,35,2070.25,34,0,0,2774,2000€  - 3000€,F,1958-07-26,,1,64,50 ans +,60-64
15,34,RH,Non,55,4 : 15-19,CDI,35,5067.1833,39,1,0,7043,5000€  - 8000€,F,1963-05-28,Célibataire,0,59,50 ans +,55-59
14,31,Commercial,Oui,31,3 : 10-14,CDI,35,7713.7667,23,1,0,9488,8000€  - 10000€,H,1963-06-24,Marié,3,59,50 ans +,55-59
22,43,R&D,Non,41,5 : 20-24,CDI,24,4165.2,12,0,1,4665,3000€  - 5000€,H,1960-03-26,Marié,2,62,50 ans +,60-64
17,69,RH,Non,47,4 : 15-19,CDI,35,7687.9833,9,0,0,8380,8000€  - 10000€,F,1972-10-04,Marié,0,50,50 ans +,50-54
9,57,Compta Finances,Oui,4,2 : 5-9,CDI,35,4204.2,39,1,1,5844,5000€  - 8000€,F,1966-09-07,Célibataire,0,56,50 ans +,55-59
14,6,Commercial,Non,52,3 : 10-14,CDI,35,9488.2667,38,1,1,13094,10000€ et plus,H,1963-04-23,,0,59,50 ans +,55-59
19,41,Marketing,Oui,69,4 : 15-19,CDI,35,3655.1667,33,0,1,4861,3000€  - 5000€,H,1954-12-07,,1,68,50 ans +,65-69
1,59,Consultant,Non,59,1 : 1-4,CDD,35,2558.6167,22,Non communiqué,Non communiqué,3122,3000€  - 5000€,H,1979-03-27,Marié,2,43,40-49,40-44
7,59,Consultant,Oui,72,2 : 5-9,CDI,35,6413.9833,24,1,0,7953,5000€  - 8000€,F,1972-04-04,,3,50,50 ans +,50-54
5,24,Consultant,Non,87,2 : 5-9,CDI,35,1703.2167,39,1,0,2367,2000€  - 3000€,F,1969-08-28,,3,53,50 ans +,50-54
6,58,Consultant,Non,92,2 : 5-9,CDI,35,2027.7833,19,0,1,2413,2000€  - 3000€,F,1980-05-14,Célibataire,1,42,40-49,40-44
13,68,Marketing,Non,59,3 : 10-14,CDI,35,7637.9333,27,0,0,9700,8000€  - 10000€,H,1980-09-09,Marié,3,42,40-49,40-44
7,28,R&D,Oui,77,2 : 5-9,CDI,35,9573.2,5,1,0,10052,10000€ et plus,H,1969-02-02,Marié,2,53,50 ans +,50-54
5,67,Compta Finances,Non,66,2 : 5-9,CDI,35,7185.9667,7,1,1,7689,5000€  - 8000€,H,1956-07-17,,2,66,50 ans +,65-69
4,43,RH,Non,20,1 : 1-4,CDI,35,5076.2833,33,0,0,6751,5000€  - 8000€,F,1963-10-25,Marié,0,59,50 ans +,55-59
14,44,Marketing,Non,40,3 : 10-14,CDI,35,1598.5667,18,0,1,1886,moins de 2000€,F,1983-12-16,Marié,1,39,30-39,35-39
4,39,R&D,Oui,32,1 : 1-4,CDI,35,5212.7833,11,0,0,5786,5000€  - 8000€,H,1966-09-07,,0,56,50 ans +,55-59
15,68,Compta Finances,Oui,25,4 : 15-19,CDI,35,8655.6167,26,1,0,10906,10000€ et plus,F,1973-10-19,Marié,0,49,40-49,45-49
7,28,Consultant,Oui,13,2 : 5-9,CDI,35,3891.7667,32,0,0,5137,5000€  - 8000€,H,1959-07-15,,2,63,50 ans +,60-64
6,20,Marketing,Oui,69,2 : 5-9,CDI,35,9218.3,4,0,0,9587,8000€  - 10000€,F,1974-08-11,Célibataire,1,48,40-49,45-49
8,3,Commercial,Non,63,2 : 5-9,CDI,35,2309.8833,23,0,0,2841,2000€  - 3000€,F,1964-05-15,Célibataire,3,58,50 ans +,55-59
19,13,RH,Non,3,4 : 15-19,CDI,35,9642.9667,17,0,0,11282,10000€ et plus,H,1962-10-04,Célibataire,0,60,50 ans +,60-64
6,68,RH,Oui,32,2 : 5-9,CDI,35,9635.3833,19,1,0,11466,10000€ et plus,H,1975-03-10,Célibataire,2,47,40-49,45-49
24,44,Compta Finances,Oui,47,5 : 20-24,CDI,24,3853.2,9,1,1,4200,3000€  - 5000€,F,1965-03-01,Marié,1,57,50 ans +,55-59
8,59,Compta Finances,Non,93,2 : 5-9,CDI,35,4013.1,12,0,1,4495,3000€  - 5000€,F,1980-11-04,,0,42,40-49,40-44
19,50,Consultant,Oui,99,4 : 15-19,CDI,35,6973.6333,31,0,1,9135,8000€  - 10000€,H,1965-03-21,Marié,0,57,50 ans +,55-59
14,4,Consultant,Oui,42,3 : 10-14,CDI,35,2024.75,4,1,0,2106,2000€  - 3000€,H,1971-04-21,Célibataire,0,51,50 ans +,50-54
7,29,Consultant,Non,68,2 : 5-9,CDI,35,6398.8167,11,1,0,7103,5000€  - 8000€,H,1968-01-15,,0,54,50 ans +,50-54
24,62,Consultant,Oui,60,5 : 20-24,CDI,35,4000.9667,40,1,1,5601,5000€  - 8000€,H,1975-02-05,,0,47,40-49,45-49
16,65,Consultant,Oui,36,4 : 15-19,CDI,35,6043.9167,3,1,1,6225,5000€  - 8000€,H,1973-07-02,Célibataire,2,49,40-49,45-49
21,44,Consultant,Non,89,5 : 20-24,CDI,35,2918.0667,39,1,1,4056,3000€  - 5000€,H,1969-09-13,Célibataire,0,53,50 ans +,50-54
19,35,Commercial,Oui,74,4 : 15-19,CDI,35,6031.7833,39,1,0,8384,8000€  - 10000€,H,1971-10-08,Célibataire,2,51,50 ans +,50-54
17,41,Consultant,Oui,68,4 : 15-19,CDI,35,2561.65,13,0,0,2895,2000€  - 3000€,H,1981-06-19,Marié,0,41,40-49,40-44
16,47,RH,Oui,98,4 : 15-19,CDI,24,2507.44,18,1,1,2959,2000€  - 3000€,F,1969-11-06,,2,53,50 ans +,50-54
3,42,Consultant,Oui,60,1 : 1-4,CDI,35,2675.4,20,1,0,3210,3000€  - 5000€,H,1963-03-04,,0,59,50 ans +,55-59
12,53,Compta Finances,Non,55,3 : 10-14,CDI,35,7601.5333,19,1,1,9046,8000€  - 10000€,F,1974-10-16,,0,48,40-49,45-49
6,12,R&D,Oui,30,2 : 5-9,CDI,35,6494.3667,1,0,0,6559,5000€  - 8000€,H,1977-04-24,,0,45,40-49,45-49
16,19,RH,Non,15,4 : 15-19,CDI,35,3012.1,19,1,1,3584,3000€  - 5000€,F,1962-06-29,Célibataire,2,60,50 ans +,60-64
14,65,Compta Finances,Non,94,3 : 10-14,CDI,35,6127.3333,0,1,0,6127,5000€  - 8000€,F,1967-05-17,Marié,3,55,50 ans +,55-59
6,61,Consultant,Non,24,2 : 5-9,CDI,35,2834.65,15,1,0,3260,3000€  - 5000€,H,1955-01-16,Célibataire,3,67,50 ans +,65-69
4,51,Commercial,Oui,3,1 : 1-4,CDI,35,6212.2667,5,1,0,6523,5000€  - 8000€,F,1971-05-20,Marié,2,51,50 ans +,50-54
3,6,Commercial,Non,41,1 : 1-4,CDI,35,6838.65,5,0,0,7181,5000€  - 8000€,F,1985-09-19,Célibataire,3,37,30-39,35-39
24,30,Consultant,Non,51,5 : 20-24,CDI,35,5739.0667,6,1,1,6083,5000€  - 8000€,F,1963-09-02,,1,59,50 ans +,55-59
16,69,Commercial,Oui,41,4 : 15-19,CDI,35,5949.8833,17,1,0,6961,5000€  - 8000€,H,1984-09-10,,3,38,30-39,35-39
13,19,Marketing,Oui,89,3 : 10-14,CDI,35,8696.5667,34,1,0,11653,10000€ et plus,H,1957-07-27,Marié,3,65,50 ans +,65-69
13,63,Commercial,Oui,81,3 : 10-14,CDI,35,9497.3667,17,1,1,11112,10000€ et plus,F,1970-07-19,,3,52,50 ans +,50-54
13,51,Commercial,Non,19,3 : 10-14,CDI,35,5749.6833,17,0,0,6727,5000€  - 8000€,H,1963-02-15,Marié,0,59,50 ans +,55-59
16,47,Compta Finances,Non,53,4 : 15-19,CDI,35,7889.7,27,0,1,10020,10000€ et plus,F,1983-09-27,Célibataire,0,39,30-39,35-39
10,11,Compta Finances,Oui,44,3 : 10-14,CDI,35,3436.7667,27,1,1,4365,3000€  - 5000€,H,1980-06-12,Marié,0,42,40-49,40-44
18,49,Compta Finances,Non,100,4 : 15-19,CDI,24,5724.16,15,1,1,6583,5000€  - 8000€,H,1981-07-15,Célibataire,3,41,40-49,40-44
5,5,RH,Non,62,2 : 5-9,CDI,35,8746.6167,19,0,1,10408,10000€ et plus,F,1980-12-23,Célibataire,3,42,40-49,40-44
7,27,RH,Oui,42,2 : 5-9,CDI,35,7148.05,21,1,1,8649,8000€  - 10000€,F,1981-07-20,,1,41,40-49,40-44
1,14,Consultant,Non,81,1 : 1-4,CDD,35,2226.4667,2,Non communiqué,Non communiqué,2271,2000€  - 3000€,F,1984-03-03,,3,38,30-39,35-39
9,48,Marketing,Non,17,2 : 5-9,CDI,28,7358.8667,31,1,1,9640,8000€  - 10000€,H,1987-02-06,Célibataire,2,35,30-39,35-39
19,30,RH,Non,73,4 : 15-19,CDI,24,3060.72,6,0,1,3244,3000€  - 5000€,F,1966-03-03,Marié,2,56,50 ans +,55-59
10,38,Consultant,Oui,25,3 : 10-14,CDI,35,3459.5167,30,0,0,4497,3000€  - 5000€,F,1961-09-02,Célibataire,1,61,50 ans +,60-64
9,46,Consultant,Non,7,2 : 5-9,CDI,35,9162.1833,17,1,1,10720,10000€ et plus,F,1964-10-17,Célibataire,3,58,50 ans +,55-59
1,31,Compta Finances,Non,18,1 : 1-4,CDD,35,1920.1,17,Non communiqué,Non communiqué,2247,2000€  - 3000€,F,1985-07-22,Marié,3,37,30-39,35-39
15,62,Compta Finances,Non,96,4 : 15-19,CDI,35,7753.2,21,1,0,9381,8000€  - 10000€,H,1973-06-26,,2,49,40-49,45-49
13,17,Consultant,Non,9,3 : 10-14,CDI,28,2813.72,8,1,1,3039,3000€  - 5000€,H,1962-03-13,Célibataire,3,60,50 ans +,60-64
24,28,Marketing,Non,54,5 : 20-24,CDI,35,7184.45,37,1,1,9843,8000€  - 10000€,H,1974-05-13,,0,48,40-49,45-49
20,61,Compta Finances,Oui,70,5 : 20-24,CDI,35,2604.1167,32,1,0,3437,3000€  - 5000€,H,1956-07-02,Marié,0,66,50 ans +,65-69
18,16,RH,Non,30,4 : 15-19,CDI,35,5293.1667,39,0,1,7358,5000€  - 8000€,F,1955-07-03,Marié,3,67,50 ans +,65-69
23,70,Commercial,Oui,38,5 : 20-24,CDI,35,6163.7333,16,1,1,7150,5000€  - 8000€,F,1968-11-19,Célibataire,2,54,50 ans +,50-54
6,7,RH,Non,35,2 : 5-9,CDI,24,4117.36,8,1,1,4447,3000€  - 5000€,F,1956-03-21,Marié,1,66,50 ans +,65-69
23,40,Consultant,Non,9,5 : 20-24,CDI,35,9426.0833,24,1,0,11688,10000€ et plus,F,1965-12-18,Marié,1,57,50 ans +,55-59
23,49,Commercial,Oui,31,5 : 20-24,CDI,35,5092.9667,11,1,1,5653,5000€  - 8000€,F,1974-10-06,,0,48,40-49,45-49
18,23,Commercial,Oui,54,4 : 15-19,CDI,35,8126.3,36,1,0,11052,10000€ et plus,F,1970-04-29,,1,52,50 ans +,50-54
6,23,Consultant,Non,69,2 : 5-9,CDI,35,9782.5,38,0,1,13500,10000€ et plus,F,1973-01-22,Célibataire,0,49,40-49,45-49
14,36,Commercial,Non,62,3 : 10-14,CDI,35,1590.9833,30,1,0,2068,2000€  - 3000€,H,1971-02-20,Célibataire,2,51,50 ans +,50-54
8,34,RH,Oui,84,2 : 5-9,CDI,35,7637.9333,21,1,0,9242,8000€  - 10000€,F,1966-10-06,,1,56,50 ans +,55-59
7,59,Consultant,Non,34,2 : 5-9,CDI,35,7304.2667,17,1,0,8546,8000€  - 10000€,F,1979-04-26,Marié,0,43,40-49,40-44
10,59,Compta Finances,Non,60,3 : 10-14,CDI,35,8328.0167,14,1,0,9494,8000€  - 10000€,F,1981-10-09,Célibataire,1,41,40-49,40-44
11,65,RH,Non,59,3 : 10-14,CDI,32,8860.8,19,1,1,10544,10000€ et plus,F,1973-08-19,Célibataire,3,49,40-49,45-49
11,31,Commercial,Oui,66,3 : 10-14,CDI,24,4974.32,32,0,1,6566,5000€  - 8000€,F,1957-04-23,Célibataire,2,65,50 ans +,65-69
12,59,Marketing,Non,67,3 : 10-14,CDI,35,6583.85,13,1,1,7440,5000€  - 8000€,F,1958-12-07,,2,64,50 ans +,60-64
